Model,R2_Score,RMSE,MAE
Linear Regression,0.8966200795345669,19.044933037797342,14.793771614338498
Decision Tree,0.9316219686311844,15.488866969536538,11.395
Random Forest,0.9691931651667849,10.396445786902367,7.3336999999999986
Gradient Boosting,0.9776579338682797,8.853663660293133,6.535000626891094
Support Vector Regressor,0.5247933833844642,40.83218239258235,32.775543328690894
K-Nearest Neighbors,0.4536557528311378,43.781893517754575,34.513000000000005
